A Tale of Two Cities,Charles Dickens,Available
The Little Prince (Le Petit Prince),Antoine de Saint-Exupéry,Available
Harry Potter and the Philosopher's Stone,J. K. Rowling,Available
And Then There Were None,Agatha Christie,Available
The Hobbit,J. R. R. Tolkien,Available
She: A History of Adventure,H. Rider Haggard,Borrowed
The Da Vinci Code,Dan Brown,Available
Harry Potter and the Chamber of Secrets,J. K. Rowling,Available
Harry Potter and the Prisoner of Azkaban,J. K. Rowling,Available
Harry Potter and the Goblet of Fire,J. K. Rowling,Available
Harry Potter and the Order of the Phoenix,J. K. Rowling,Available
Harry Potter and the Half-Blood Prince,J. K. Rowling,Available
Harry Potter and the Deathly Hallows,J. K. Rowling,Available
The Alchemist,Paulo Coelho,Available
The Catcher in the Rye,J. D. Salinger,Available
The Bridges of Madison County,Robert James Waller,Available
Ben-Hur: A Tale of the Christ,Lew Wallace,Available
You Can Heal Your Life,Louise Hay,Available
One Hundred Years of Solitude,Gabriel García Márquez,Available
Lolita,Vladimir Nabokov,Available
Heidi,Johanna Spyri,Available
The Common Sense Book of Baby and Child Care,Benjamin Spock,Available
Anne of Green Gables,Lucy Maud Montgomery,Available
Black Beauty,Anna Sewell,Available
The Eagle Has Landed,Jack Higgins,Available
Watership Down,Richard Adams,Available
The Hite Report,Shere Hite,Available
Charlotte's Web,E. B. White; illustrated by Garth Williams,Available
The Ginger Man,J. P. Donleavy,Available
The Tale of Peter Rabbit,Beatrix Potter,Available
Jonathan Livingston Seagull,Richard Bach,Available
The Very Hungry Caterpillar,Eric Carle,Available
A Message to Garcia,Elbert Hubbard,Available
To Kill a Mockingbird,Harper Lee,Available
Flowers in the Attic,V. C. Andrews,Available
Cosmos,Carl Sagan,Available
Sophie's World,Jostein Gaarder,Available
Angels & Demons,Dan Brown,Available
Kane and Abel,Jeffrey Archer,Available
How the Steel Was Tempered,Nikolai Ostrovsky,Available
War and Peace,Leo Tolstoy,Available
The Adventures of Pinocchio,Carlo Collodi,Available
The Diary of Anne Frank,Anne Frank,Available
Your Erroneous Zones,Wayne Dyer,Available
The Thorn Birds,Colleen McCullough,Available
The Purpose Driven Life,Rick Warren,Available
The Kite Runner,Khaled Hosseini,Available
Valley of the Dolls,Jacqueline Susann,Available
Alcoholics Anonymous Big Book,Bill Wilson,Available
How to Win Friends and Influence People,Dale Carnegie,Available
The Great Gatsby,F. Scott Fitzgerald,Available
Gone with the Wind,Margaret Mitchell,Available
Rebecca,Daphne du Maurier,Available
Nineteen Eighty-Four,George Orwell,Available
The Revolt of Mamie Stover,William Bradford Huie,Available
The Girl with the Dragon Tattoo,Stieg Larsson,Available
The Lost Symbol,Dan Brown,Available
The Hunger Games,Suzanne Collins,Available
James and the Giant Peach,Roald Dahl,Available
The Young Guard (Молодая гвардия),Alexander Alexandrovich Fadeyev,Available
Who Moved My Cheese?,Spencer Johnson,Available
A Brief History of Time,Stephen Hawking,Available
Paul et Virginie,Jacques-Henri Bernardin de Saint-Pierre,Available
Lust for Life,Irving Stone,Available
The Wind in the Willows,Kenneth Grahame,Available
The 7 Habits of Highly Effective People,Stephen R. Covey,Available
Virgin Soil Upturned (Поднятая целина),Mikhail Sholokhov,Available
The Celestine Prophecy,James Redfield,Available
The Fault in Our Stars,John Green,Available
The Girl on the Train,Paula Hawkins,Available
The Shack,William P. Young,Available
Uncle Styopa (Дядя Стёпа),Sergey Mikhalkov,Available
The Godfather,Mario Puzo,Available
Love Story,Erich Segal,Available
Catching Fire,Suzanne Collins,Available
Mockingjay,Suzanne Collins,Available
Kitchen (キッチン),Banana Yoshimoto,Available
Andromeda Nebula (Туманность Андромеды),Ivan Yefremov,Available
Autobiography of a Yogi (योगी कथामृत),Paramahansa Yogananda,Available
Gone Girl,Gillian Flynn,Available
All Quiet on the Western Front (Im Westen nichts Neues),Erich Maria Remarque,Available
The Bermuda Triangle,Charles Berlitz,Available
Things Fall Apart ,Chinua Achebe,Available
Animal Farm ,George Orwell,Available
Wolf Totem (狼图腾),Jiang Rong,Available
The Happy Hooker: My Own Story,Xaviera Hollander,Available
Jaws,Peter Benchley,Available
Love You Forever,Robert Munsch,Available
The Women's Room,Marilyn French,Available
What to Expect When You're Expecting,Arlene Eisenberg and Heidi Murkoff,Available
Adventures of Huckleberry Finn,Mark Twain,Available
Pride and Prejudice,Jane Austen,Available
Kon-Tiki: Across the Pacific in a Raft (Kon-Tiki ekspedisjonen),Thor Heyerdahl,Available
The Good Soldier Švejk (Osudy dobrého vojáka Švejka za světové války),Jaroslav Hašek,Available
Where the Wild Things Are,Maurice Sendak,Available
The Power of Positive Thinking,Norman Vincent Peale,Available
The Secret,Rhonda Byrne,Available
Fear of Flying,Erica Jong,Available
Dune,Frank Herbert,Available
Charlie and the Chocolate Factory,Roald Dahl,Available
The Naked Ape,Desmond Morris,Available
Where the Crawdads Sing,Delia Owens,Available
Matilda,Roald Dahl,Available
The Book Thief,Markus Zusak,Available
The Horse Whisperer,Nicholas Evans,Available
Goodnight Moon,Margaret Wise Brown,Available
The Neverending Story (Die unendliche Geschichte),Michael Ende,Available
All the Light We Cannot See,Anthony Doerr,Available
The Outsiders,S. E. Hinton,Available
Guess How Much I Love You,Sam McBratney,Available
Shōgun,James Clavell,Available
The Poky Little Puppy,Janette Sebring Lowrey,Available
The Pillars of the Earth,Ken Follett,Available
Perfume (Das Parfum),Patrick Süskind,Available
The Grapes of Wrath,John Steinbeck,Available
The Shadow of the Wind (La sombra del viento),Carlos Ruiz Zafón,Available
Interpreter of Maladies,Jhumpa Lahiri,Available
Becoming,Michelle Obama,Available
The Hitchhiker's Guide to the Galaxy,Douglas Adams,Available
Tuesdays with Morrie,Mitch Albom,Available
God's Little Acre,Erskine Caldwell,Available
Follow Your Heart (Va' dove ti porta il cuore),Susanna Tamaro,Available
A Wrinkle in Time,Madeleine L'Engle,Available
Long Walk to Freedom,Nelson Mandela,Available
The Old Man and the Sea,Ernest Hemingway,Available
Life After Life,Raymond Moody,Available
Peyton Place ,Grace Metalious,Available
The Giver,Lois Lowry,Available
Me Before You,Jojo Moyes,Available
Norwegian Wood (ノルウェイの森),Haruki Murakami,Available
The Plague (La Peste),Albert Camus,Available
No Longer Human (人間失格),Osamu Dazai,Available
Man's Search for Meaning (Ein Psychologe erlebt das Konzentrationslager),Viktor Frankl,Available
The Divine Comedy (La Divina Commedia),Dante Alighieri,Available
The Prophet,Kahlil Gibran,Available
The Boy in the Striped Pyjamas,John Boyne,Available
The Exorcist,William Peter Blatty,Available
The Gruffalo,Julia Donaldson,Available
Tobacco Road,Erskine Caldwell,Available
The Cat in the Hat,Dr. Seuss,Available
Diana: Her True Story,Andrew Morton,Available
The Help,Kathryn Stockett,Available
Catch-22,Joseph Heller,Available
Eye of the Needle,Ken Follett,Available
The Lovely Bones,Alice Sebold,Available
Wild Swans,Jung Chang,Available
Santa Evita,Tomás Eloy Martínez,Available
The Total Woman,Marabel Morgan,Available
Problems in China's Socialist Economy (中国社会主义经济问题研究),Xue Muqiao,Available
The Dukan Diet,Pierre Dukan,Available
The Gospel According to Peanuts,Robert L. Short,Available
The Subtle Art of Not Giving a Fuck,Mark Manson,Available
Life of Pi,Yann Martel,Available
The Front Runner,Patricia Nell Warren,Available
The Goal,Eliyahu M. Goldratt,Available
Fahrenheit 451,Ray Bradbury,Available
Angela's Ashes,Frank McCourt,Available
The Story of My Experiments with Truth (સત્યના પ્રયોગો અથવા આત્મકથા),Mohandas Karamchand Gandhi,Available
Bridget Jones's Diary,Helen Fielding,Borrowed
Sapiens,Kalle,Available
Hobbit,J.J. Tolkien,Borrowed
